,Tweets,polarity
0,"Top #money flow today. Free stock apps https://t.co/7Cz8yP8vDT
$BSCQ, $IEFA, $HYG, $IBDR, $CTVA, $FB, $VZ, $EWA,‚Ä¶ https://t.co/S37aOQo2IM","{'neg': 0.0, 'neu': 0.746, 'pos': 0.254, 'compound': 0.6249}"
1,"$AMD $AAPL $SQ $AMZN 
$EA $SEDG $MA $V $KO $PYPL $RCL $GOOG $NKLA $DKNG $HD $ROKU $NFLX $FB  $GLD $VXX $MSFT

Thank‚Ä¶ https://t.co/s7JlGzc2n1","{'neg': 0.0, 'neu': 1.0, 'pos': 0.0, 'compound': 0.0}"
2,"$OST closed down 88%!? BOUNCING! TINY FLOAT! No shares available to short!

$TSLA $AMZN $AAPL $AMC $NVDA $FB $MSFT‚Ä¶ https://t.co/doAcit8Sm2","{'neg': 0.098, 'neu': 0.804, 'pos': 0.098, 'compound': 0.0}"
3,"RT @nobustocks: GAFAMT„ÅÆÊ±∫ÁÆó„ÅåÂá∫ÊèÉ„Å£„Åü„ÅÆ„Åß„ÄÅÊ•≠Á∏æ„Çí„Åæ„Å®„ÇÅ„Å¶„Åø„Åæ„Åó„Åü„ÄÇ

ÂêÑÁ§æÊòéÊöó„ÅåÂàÜ„Åã„Çå„Åæ„Åó„Åü„Å≠„ÄÇ 

‚Ä¢ $AMZN $GOOG „ÅØ„ÄÅÁâπ„Å´Âé≥„Åó„ÅÑ„ÄÇ
‚Ä¢ $FB „ÇÇËâØ„ÅÑÊ±∫ÁÆóÂÜÖÂÆπ„Å®„ÅØÊÄù„Åà„Å™„Åã„Å£„Åü„Åå„ÄÅÂâ≤ÂÆâÊÑü„Åã„ÇâË≤∑„Çè„Çå„Åü„Åã„ÄÇ
‚Ä¢„Åì„ÅÆ‰∏≠„ÅßÊ±∫ÁÆóÂÜÖÂÆπ„ÇíË¶ã„Å¶ÊäïË≥á„Åô„Çã„Å™„Çâ‚Ä¶","{'neg': 0.0, 'neu': 1.0, 'pos': 0.0, 'compound': 0.0}"
4,RT @KillionTrades: earnings lotto port up 30% this morning from my earnings alerts yesterday. 5/5 earnings hit this week. Let‚Äôs goooo $X $A‚Ä¶,"{'neg': 0.0, 'neu': 1.0, 'pos': 0.0, 'compound': 0.0}"
5,Help me out Fintwit...Why should I pay up for declining margins and low revenue growth with $CL over $GOOG?,"{'neg': 0.154, 'neu': 0.614, 'pos': 0.232, 'compound': 0.4215}"
6,"Imposible imaginar m√°s poder en una mesa de dos.

$AAPL $GOOG https://t.co/HT6F0i7pH1","{'neg': 0.0, 'neu': 1.0, 'pos': 0.0, 'compound': 0.0}"
7,RT @Hoefgeest: $Goog is al aan het crashen. Er kan nog een pullback volgen maar de diepte naar $1000 lonkt https://t.co/NUGEi6q7Sk,"{'neg': 0.0, 'neu': 1.0, 'pos': 0.0, 'compound': 0.0}"
8,"Okay lots of buys today. $125 worth of $VOO. 2 shares of $SCHD. 1 share of $TROW, $JPM, $INTC. .1 shares of $GOOG","{'neg': 0.0, 'neu': 0.606, 'pos': 0.394, 'compound': 0.8126}"
9,"$OST closed down 88%!? BOUNCING! TINY FLOAT! No shares available to short!üí∏

$roku $tsla $aapl $msft $aal $dal‚Ä¶ https://t.co/xjXkMY8cmE","{'neg': 0.103, 'neu': 0.794, 'pos': 0.103, 'compound': 0.0}"
10,"RT @garyblack00: Retweeting. Of the big 6, here‚Äôs what happened with 1Q earnings:
- $TSLA beat
- $GOOG missed
- $MSFT beat 
- $FB beat
- $A‚Ä¶","{'neg': 0.095, 'neu': 0.905, 'pos': 0.0, 'compound': -0.296}"
11,"RT @NestBetter: Quick reminder, $AMZN extended the useful life of their servers from 4 to 5 years, and operating margins expanded from 30 t‚Ä¶","{'neg': 0.0, 'neu': 0.879, 'pos': 0.121, 'compound': 0.4404}"
12,RT @LeifSoreide: With big names like $AMZN and $GOOG trending lower I'm treating all rallies as guilty until proven innocent. https://t.co/‚Ä¶,"{'neg': 0.186, 'neu': 0.632, 'pos': 0.182, 'compound': -0.0258}"
13,With big names like $AMZN and $GOOG trending lower I'm treating all rallies as guilty until proven innocent. https://t.co/24obAnmAKf,"{'neg': 0.201, 'neu': 0.602, 'pos': 0.197, 'compound': -0.0258}"
14,"$OST closed down 88%!? BOUNCING! TINY FLOAT! No shares available to short!

$ACB $NVAX $MRNA $CGC $DKNG $AAL $SAVE‚Ä¶ https://t.co/gUVkcmoaZ7","{'neg': 0.098, 'neu': 0.804, 'pos': 0.098, 'compound': 0.0}"
15,$SONY Sony stock will surpass $DIS Disney stock and the $AAPL Apple market capitalization $T $CMCSA $SSNLF $CS‚Ä¶ https://t.co/uUpn8gZnNj,"{'neg': 0.0, 'neu': 1.0, 'pos': 0.0, 'compound': 0.0}"
16,After #SpiderManNoWayHome huge success $SONY Sony' #UnchartedMovie  #Uncharted #UnchartedLegacyOfThieves #Morbius‚Ä¶ https://t.co/Ge5iZkNxht,"{'neg': 0.0, 'neu': 0.6, 'pos': 0.4, 'compound': 0.7184}"
17,"S&amp;P„ÉÄ„Ç¶NASDAQ„ÅØ‰∏ã„ÅíË∂≥„ÇíÈÄü„ÇÅ„Å¶„ÅÑ„Åæ„Åô„ÄÇÂ†¥‰∏≠„ÅÆ‰∏ãËêΩ„ÅÆ‰∏ªÂõ†„ÅØ„Éû„Ç§„ÇØ„É≠„ÇΩ„Éï„Éà $MSFT „Å®„Ç∞„Éº„Ç∞„É´ $GOOG.„Ç¢„Éû„Çæ„É≥„ÅØÊÄ•ËêΩ„ÅÆ„Åæ„Åæ„ÄÇ
„Åü„Å†„ÄÅÂÖ®‰Ωì„ÅßË¶ã„Å¶„ÇÇÂ∞ë„Åó„Åö„Å§‰∏ã„ÅíÂπÖ„ÅåÂ§ß„Åç„Åè„Å™„Å£„Å¶„ÅÑ„Åæ„Åô„ÄÇ https://t.co/KkfWillm7Z","{'neg': 0.0, 'neu': 1.0, 'pos': 0.0, 'compound': 0.0}"
18,"Portfolio rotation out of bubbles into growth
Out of $AAPL Apple $MSFT Microsoft $GOOG into $SONY Sony
Out of $TSLA‚Ä¶ https://t.co/a8x4g0VvH2","{'neg': 0.0, 'neu': 0.885, 'pos': 0.115, 'compound': 0.3818}"
19,"$OST closed down 88%!? BOUNCING! TINY FLOAT! No shares available to short!üí∏

$spy $v $qcom $chk $xom $amzn $chwy‚Ä¶ https://t.co/jfCciAsdk3","{'neg': 0.098, 'neu': 0.804, 'pos': 0.098, 'compound': 0.0}"
20,"I want to see $MSFT trading above 290, $GOOG above $2400 and $AMZN above $2800 by EOM.","{'neg': 0.0, 'neu': 0.92, 'pos': 0.08, 'compound': 0.0772}"
21,"$OST closed down 88%!? BOUNCING! TINY FLOAT! No shares available to short!üí∏

$SPY $SPX $QQQ $ES_F $NQ_F $RTY_F‚Ä¶ https://t.co/K9dTx63QQr","{'neg': 0.103, 'neu': 0.794, 'pos': 0.103, 'compound': 0.0}"
22,"Started a position in $AMZN 

Would like to top up $GOOG at 2250 

I'm a bit frustrated $FB popped off, on what I t‚Ä¶ https://t.co/TzLvfyP9OC","{'neg': 0.127, 'neu': 0.712, 'pos': 0.161, 'compound': -0.0258}"
23,"$AAPL $GOOG $GLD $QQQ $SPY $MTCH $RIOT $MARA $IRRZF $KOAN $INTC $IBO

Best discord group for the traders join here‚Ä¶ https://t.co/9qzdAJFKcu","{'neg': 0.1, 'neu': 0.664, 'pos': 0.236, 'compound': 0.5719}"
24,"RT @patrickcomack: Musk is selling $TSLA bc it is a small, criminal car company w/ a $1 trillion market cap, which is 39% of $AAPL, 47% of‚Ä¶","{'neg': 0.124, 'neu': 0.876, 'pos': 0.0, 'compound': -0.5267}"
25,"$SPY $QQQ $NDX $DIA $IWM $NFLX $FB $INTC $SMH $AAPL $GOOG 
Stay at home safe and earn money at home by trading mark‚Ä¶ https://t.co/oiId7KruP0","{'neg': 0.0, 'neu': 0.888, 'pos': 0.112, 'compound': 0.4404}"
26,"$OST closed down 88%!? BOUNCING! TINY FLOAT! No shares available to short! $6+ SQUEEZE coming

$AAPL $GOOG $INTC‚Ä¶ https://t.co/4V75rz2Uoz","{'neg': 0.103, 'neu': 0.794, 'pos': 0.103, 'compound': 0.0}"
27,"$GOOG is recession proof, IMO, and extremely well diversified in its own businesses. I will keep adding when I can.","{'neg': 0.132, 'neu': 0.755, 'pos': 0.113, 'compound': -0.1045}"
28,"$OST closed down 88%!? HUGE BUYS. TINY FLOAT. BOOM

$btc $doge $tsla $spy $brk $fb $f $gm $cciv $gme $dia $eth $cvx‚Ä¶ https://t.co/3bSViQLHbb","{'neg': 0.0, 'neu': 0.869, 'pos': 0.131, 'compound': 0.5147}"
29,"Learn To Trade While You're Working From Home&gt;https://t.co/1ikMLSWlKg

$AAPL $AMZN $BTC $ETH $FB $GOOG $MSFT $QQQ‚Ä¶ https://t.co/FrDqqnSoMu","{'neg': 0.0, 'neu': 1.0, 'pos': 0.0, 'compound': 0.0}"
30,"$OST BOUNCING! Closed down 88%!  TINY FLOAT. No shares available to shortüí∏üìà

$aapl $amc $aprn $btcm $btx $gme $fb‚Ä¶ https://t.co/yXtuWB9Bjn","{'neg': 0.098, 'neu': 0.804, 'pos': 0.098, 'compound': 0.0}"
31,@InvestorVideos Why is $GOOG reaction negative and $MSFT positive in this case..,"{'neg': 0.214, 'neu': 0.578, 'pos': 0.208, 'compound': -0.0258}"
32,Why are ppl still buying SPY.. $GOOG $AMZN down.. and will be for a while as their earnings and growth prospects ar‚Ä¶ https://t.co/CZidwLyfrW,"{'neg': 0.0, 'neu': 0.806, 'pos': 0.194, 'compound': 0.5859}"
33,"RT @IPOEdge: REPLAY - Pioneering Smart Spaces From Whole Foods to Fast Food: Join #CEOs of @BrivoInc, Crown Proptech to discuss #SPAC combi‚Ä¶","{'neg': 0.0, 'neu': 0.803, 'pos': 0.197, 'compound': 0.5994}"
34,$GOOG appears in a scan that looks for a high probability naked puts on stocks that are oversold. It has good stock‚Ä¶ https://t.co/ZBBqAiocSv,"{'neg': 0.0, 'neu': 0.873, 'pos': 0.127, 'compound': 0.4404}"
35,"Today Top Flow in #NASDAQ #NASDAQ100, Buy Flow &amp; Sell Flow $FB $TSLA $AMD $AAPL $AMZN $NVDA $BKNG $BIDU $DXCM‚Ä¶ https://t.co/bgQz9FN3t4","{'neg': 0.0, 'neu': 0.917, 'pos': 0.083, 'compound': 0.2023}"
36,RT @BretKenwell: Alphabet $GOOGL $GOOG announced an additional $70 billion buyback -- anyone know much was left on the old one?,"{'neg': 0.0, 'neu': 1.0, 'pos': 0.0, 'compound': 0.0}"
37,"@cashdaddiespod If you had $PUTS in the last month on $TSLA, $AAPL, $GOOG, $NVDA, $AMZN and virtually anything else‚Ä¶ https://t.co/Segf2Ov4tt","{'neg': 0.0, 'neu': 1.0, 'pos': 0.0, 'compound': 0.0}"
38,"RT @StockMKTNewz: Google $GOOGL acquired YouTube for $1.65 Billion back in October 2006

In just Q1 2022 YouTube brought in $6.9 Billion of‚Ä¶","{'neg': 0.0, 'neu': 1.0, 'pos': 0.0, 'compound': 0.0}"
39,"$GOOG 05/06/22 $2325.00 CALL

Type: large
Time: 08:51:45
Total Size: 50 Contracts
Total Value: $381350
Average Pric‚Ä¶ https://t.co/Xy5nEcVdXl","{'neg': 0.0, 'neu': 0.876, 'pos': 0.124, 'compound': 0.34}"
40,"RT @PatrickMoorhead: Ep 120 of the @SixFivePodcast with @danielnewmanUV and I are LIVE! talking:
1/ @Microsoft earnings $MSFT
2/ @Google ea‚Ä¶","{'neg': 0.0, 'neu': 1.0, 'pos': 0.0, 'compound': 0.0}"
41,"$OST closed down 88%! BIDS STACKING  TINY FLOAT. Looking for $6+. NO SHARES AVAILABLE TO SHORT

$BTC $ETH $KNC $SXP‚Ä¶ https://t.co/ubLiyR3pKF","{'neg': 0.118, 'neu': 0.764, 'pos': 0.118, 'compound': 0.0}"
42,Alphabet $GOOGL $GOOG announced an additional $70 billion buyback -- anyone know much was left on the old one?,"{'neg': 0.0, 'neu': 1.0, 'pos': 0.0, 'compound': 0.0}"
43,"Ep 120 of the @SixFivePodcast with @danielnewmanUV and I are LIVE! talking:
1/ @Microsoft earnings $MSFT
2/ @Google‚Ä¶ https://t.co/dZYzad2GW2","{'neg': 0.0, 'neu': 1.0, 'pos': 0.0, 'compound': 0.0}"
44,"FAANG Q1 Revenue Growth
$FB 6.6%
$AAPL 8.6%
$AMZN 7.3%
$NFLX 9.9%
$GOOG 23%
$MSFT 18.5%
$TSLA 65%

Q1 Inflation was 7.9%","{'neg': 0.0, 'neu': 0.89, 'pos': 0.11, 'compound': 0.3818}"
45,"Stop Putin  Chat room in terms of  alert calls, Analysis

 $PLTR $SQ $BA $F $PLUG $SHIB.X $GE $XRP.X $SPCE $FCEL‚Ä¶ https://t.co/sEQgCcYhCq","{'neg': 0.094, 'neu': 0.812, 'pos': 0.094, 'compound': 0.0}"
46,"$GOOG 09/16/22 $2000.00 CALL

Type: large
Time: 08:55:00
Total Size: 10 Contracts
Total Value: $447000
Average Pric‚Ä¶ https://t.co/kEWrt77jvN","{'neg': 0.0, 'neu': 0.876, 'pos': 0.124, 'compound': 0.34}"
47,"$GOOG #Options Power, #Options #maxpain Chart, Open Interest Chart Update #OptionsTrading #OptionsFlow‚Ä¶ https://t.co/OE0qgWI3pT","{'neg': 0.0, 'neu': 0.8, 'pos': 0.2, 'compound': 0.4588}"
48,"We are LIVE! talking @Microsoft, @Google, @Qualcomm, @Honeywell earnings, @Oracle opens Industry labs. $MSFT $GOOG‚Ä¶ https://t.co/5p56C0Zztt","{'neg': 0.0, 'neu': 1.0, 'pos': 0.0, 'compound': 0.0}"
49,"RT @DrDividend47: I spent hours analyzing Google‚Äôs business and earnings reports so you don‚Äôt have to

Here‚Äôs what I learned $GOOG 

üßµüëá htt‚Ä¶","{'neg': 0.0, 'neu': 1.0, 'pos': 0.0, 'compound': 0.0}"
50,earnings lotto port up 30% this morning from my earnings alerts yesterday. 5/5 earnings hit this week. Let‚Äôs goooo‚Ä¶ https://t.co/qhfFypGmZr,"{'neg': 0.0, 'neu': 1.0, 'pos': 0.0, 'compound': 0.0}"
51,$OST down 88%!? Stop sleeping on it here. TINY FLOAT  OVERKILL. Looking for $6+ short term. NO SHARES AVAILABLE TO‚Ä¶ https://t.co/Pk0NRlr6BZ,"{'neg': 0.206, 'neu': 0.683, 'pos': 0.111, 'compound': -0.3595}"
52,@technicaltradesetups last week we said goodbye to $NFLX‚Ä¶ last quarter it was Facebook.  This week it‚Äôs $AMZN and‚Ä¶ https://t.co/8xNZD3BXq9,"{'neg': 0.0, 'neu': 1.0, 'pos': 0.0, 'compound': 0.0}"
53,Added 1 more share $GOOG 2370,"{'neg': 0.0, 'neu': 0.616, 'pos': 0.384, 'compound': 0.3597}"
54,RT @bob4punk: $link I mean...throw in Eric Schmidt and its game set match... November cannot come fast enough üëÄSWIFT... this reminds me of‚Ä¶,"{'neg': 0.0, 'neu': 1.0, 'pos': 0.0, 'compound': 0.0}"
55,@rditrych @PayPal @Shopify @Microsoft Podobnie $ROKU wg mnie by≈Ço by dobrym celem np dla $GOOG,"{'neg': 0.0, 'neu': 0.854, 'pos': 0.146, 'compound': 0.34}"
56,"Alphabet a buy on this pull back.  https://t.co/fRU6EubTxK 
#StocksToBuy #StockMarket #investing $goog $googl #Alphabet","{'neg': 0.0, 'neu': 1.0, 'pos': 0.0, 'compound': 0.0}"
57,"$OST HUGE BUYS just crushed that massive wall at $3.99 the SQUEEZE is on!

$ACB $MRNA $CGC $DKNG $AAL  $PLAY $DOCU‚Ä¶ https://t.co/ldnLIpY0lG","{'neg': 0.107, 'neu': 0.766, 'pos': 0.127, 'compound': 0.1343}"
58,$BBIG $AMZN $TSLA $WMT $TGT $NVDA $SPY $GLD $EBAY $AAPL $FB $TWTR $GS $S $GOOG $DIS  $IBM $MSFT $GOOGL  Crowd-sourc‚Ä¶ https://t.co/z0msaMv1V1,"{'neg': 0.0, 'neu': 1.0, 'pos': 0.0, 'compound': 0.0}"
59,"RT @nobustocks: GAFAMT„ÅÆÊ±∫ÁÆó„ÅåÂá∫ÊèÉ„Å£„Åü„ÅÆ„Åß„ÄÅÊ•≠Á∏æ„Çí„Åæ„Å®„ÇÅ„Å¶„Åø„Åæ„Åó„Åü„ÄÇ

ÂêÑÁ§æÊòéÊöó„ÅåÂàÜ„Åã„Çå„Åæ„Åó„Åü„Å≠„ÄÇ 

‚Ä¢ $AMZN $GOOG „ÅØ„ÄÅÁâπ„Å´Âé≥„Åó„ÅÑ„ÄÇ
‚Ä¢ $FB „ÇÇËâØ„ÅÑÊ±∫ÁÆóÂÜÖÂÆπ„Å®„ÅØÊÄù„Åà„Å™„Åã„Å£„Åü„Åå„ÄÅÂâ≤ÂÆâÊÑü„Åã„ÇâË≤∑„Çè„Çå„Åü„Åã„ÄÇ
‚Ä¢„Åì„ÅÆ‰∏≠„ÅßÊ±∫ÁÆóÂÜÖÂÆπ„ÇíË¶ã„Å¶ÊäïË≥á„Åô„Çã„Å™„Çâ‚Ä¶","{'neg': 0.0, 'neu': 1.0, 'pos': 0.0, 'compound': 0.0}"
60,"$GOOG 01/20/23 $2000.00 CALL

Type: block
Time: 08:38:37
Total Size: 4 Contracts
Total Value: $199995
Average Price‚Ä¶ https://t.co/h3SZzakKOG","{'neg': 0.143, 'neu': 0.739, 'pos': 0.118, 'compound': -0.128}"
61,"$VIX is down...... $TSLA is up... this #Stockmarket will end  + by end of the day
$TSLA $QQQ $AMC #Bitcoin #BTC‚Ä¶ https://t.co/fcbXWBWHLD","{'neg': 0.0, 'neu': 1.0, 'pos': 0.0, 'compound': 0.0}"
62,RT @StockMa40636171: $BA $BBIG $AMZN $TSLA $WMT $TGT $NVDA $SPY $GLD $EBAY $AAPL $FB $TWTR $GS $S $GOOG $DIS  $IBM $MSFT $GOOGL Crowd-sourc‚Ä¶,"{'neg': 0.0, 'neu': 1.0, 'pos': 0.0, 'compound': 0.0}"
63,"$OST closed down 88%!? TINY FLOAT! NO SHARES AVAILABLE TO SHORT!

$BTC $ETH $LINK $XTZ $ADA $VET $KNC $SXP $TWTR‚Ä¶ https://t.co/f7IEikfRLW","{'neg': 0.118, 'neu': 0.764, 'pos': 0.118, 'compound': 0.0}"
64,$BA $BBIG $AMZN $TSLA $WMT $TGT $NVDA $SPY $GLD $EBAY $AAPL $FB $TWTR $GS $S $GOOG $DIS  $IBM $MSFT $GOOGL Crowd-so‚Ä¶ https://t.co/PJsFlmlEsf,"{'neg': 0.0, 'neu': 1.0, 'pos': 0.0, 'compound': 0.0}"
65,"Where else DID I SEE #MinistryOfTruth ????? hmmmm
https://t.co/LTHWbJ9geY
.
$TSLA $QQQ $AMC #Bitcoin #BTC $ARKK‚Ä¶ https://t.co/gFL9oG8pbD","{'neg': 0.0, 'neu': 1.0, 'pos': 0.0, 'compound': 0.0}"
66,"$TSLA $QQQ $AMC  $ARKK $GOOG $AAPL $GME $AMZN $NIO $DOGE Crowd-sourced alerts, ranking system, and get paid being a‚Ä¶ https://t.co/yIvuTUGXxD","{'neg': 0.0, 'neu': 1.0, 'pos': 0.0, 'compound': 0.0}"
67,"3/ Ad revenues growth slowed to 23% leading $AMZN to join the likes of $GOOG and $FB

4/ AWS grew another 37% recor‚Ä¶ https://t.co/pIpQFgIZYR","{'neg': 0.0, 'neu': 0.734, 'pos': 0.266, 'compound': 0.765}"
68,"Here the thing atm‚Ä¶ with GDP negative, the FED can‚Äôt raised rates at the pace they wanted! They will BUT way less!‚Ä¶ https://t.co/FMtMKHGdld","{'neg': 0.118, 'neu': 0.882, 'pos': 0.0, 'compound': -0.4468}"
69,I can NOT believe TRUE #Liberals are OK with this #MinistryOfTruth from #BIDEN ..... NAZI GERMANY btw had ONE......‚Ä¶ https://t.co/bKC3ptJuVq,"{'neg': 0.126, 'neu': 0.745, 'pos': 0.129, 'compound': 0.0151}"
70,"@JerryCap @InvestingRabbit @pekwat Nha, disagree... Great for regulatory issues. Many companies, such as $MSFT and‚Ä¶ https://t.co/Fi8X9HkhCY","{'neg': 0.0, 'neu': 0.785, 'pos': 0.215, 'compound': 0.6249}"
71,"„Å®ÊÄù„Å£„Åü„Åë„Å© $CRWD $MDB „Å´IN„Åó„Å¶„Åä„Åè„ÄÇ
$XOM 

üá∫üá∏Áî®„Ç≠„É£„ÉÉ„Ç∑„É•„ÅØ50%„Åè„Çâ„ÅÑ„ÄÇ
Êò®Êó•Âà©Á¢∫„Åó„Åü $GOOG $AAPL „ÅÆË≥áÈáë„ÅØ„Åæ„Å†‰Ωø„Çè„Å™„ÅÑ‚úã","{'neg': 0.0, 'neu': 1.0, 'pos': 0.0, 'compound': 0.0}"
72,$OST closed down 88%! TINY float SQUEEZED it up from $4- $47 in 24 hours. No shares available to short. LOOK AT ALL‚Ä¶ https://t.co/Tlu8Y4RRJQ,"{'neg': 0.083, 'neu': 0.833, 'pos': 0.083, 'compound': 0.0}"
73,"Look at $MSFT $FB $AAPL $AMZN $GOOG $NFLX $TSLA multiples ans tell me why $SONY Sony isn't $1,000 yet?
 $SONY Sony‚Ä¶ https://t.co/3SlLgP1bRU","{'neg': 0.0, 'neu': 1.0, 'pos': 0.0, 'compound': 0.0}"
74,RT @TicTocTick: Smash the like üíï button if your beak üê¶ got wet this week by my earnings call on $NFLX or $FB or $TSLA or $AMZN or $GOOG and‚Ä¶,"{'neg': 0.0, 'neu': 0.915, 'pos': 0.085, 'compound': 0.3612}"
75,"Over 250 Games Now Have Confirmed To Have Support For $SONY #Sony  #DualSense Wireless Controller!

#PS5‚Ä¶ https://t.co/ydygoSm7Ys","{'neg': 0.0, 'neu': 0.842, 'pos': 0.158, 'compound': 0.4574}"
76,Commented on $GOOG $GOOGL - Why Google Stock Is A Buy Currently. https://t.co/rWyaPl36dE,"{'neg': 0.0, 'neu': 1.0, 'pos': 0.0, 'compound': 0.0}"
77,"üíØ $BLEG üí• @BrandedLegacy @SpikesCBDX @elev8hemp Branded Legacy, Inc. Eliminates Over Three Hundred Twenty Thousand‚Ä¶ https://t.co/5TB0LDzLfQ","{'neg': 0.0, 'neu': 1.0, 'pos': 0.0, 'compound': 0.0}"
78,$SONY Sony now owns the metaverse https://t.co/bbaF0ZcCFg $SNE $MSFT $EA $SFTBY $FB $NFLX $META $HERO $JPM $GS $JEF‚Ä¶ https://t.co/9dsK0vqQGN,"{'neg': 0.0, 'neu': 1.0, 'pos': 0.0, 'compound': 0.0}"
79,"Anyone knows why a trillion dollar company like $SONY Sony $SNE is trading around $100 or $100 billion ?
#nikkei‚Ä¶ https://t.co/dxPtborPzW","{'neg': 0.0, 'neu': 0.878, 'pos': 0.122, 'compound': 0.3612}"
80,"$GOOG about to squeeze!!! Major naked short attack hereüí∏

$AAPL $MSFT $NOK $SNAP $ATHN $ATOS $AKER $MAT https://t.co/m6PjT58oYg","{'neg': 0.19, 'neu': 0.81, 'pos': 0.0, 'compound': -0.6093}"
81,"#BREAKING  April 14, 2022 SONY IS BUYING BACK $SONY #STONKS 
https://t.co/hKiuAPdSKF
$SONY #SONY
#nikkei‚Ä¶ https://t.co/ZC7m4wZrUF","{'neg': 0.0, 'neu': 1.0, 'pos': 0.0, 'compound': 0.0}"
82,RT @TicTocTick: Smash the like üíï button if your beak üê¶ got wet this week by my earnings call on $NFLX or $FB or $TSLA or $AMZN or $GOOG and‚Ä¶,"{'neg': 0.0, 'neu': 0.915, 'pos': 0.085, 'compound': 0.3612}"
83,$SONY SONY THE KING OF THE #METAVERSE JUNGLE $SNE $MSFT $FB $RBLX $GOOG $AAPL https://t.co/veIyv7aqGR #ps5,"{'neg': 0.0, 'neu': 1.0, 'pos': 0.0, 'compound': 0.0}"
84,"RT @sonycomeback: @OzraeliAvi @agoyal00 Bill gates has a $500M SHORT SELL position in $TSLA Tesla
Bill could have bought $SONY SONY to the‚Ä¶","{'neg': 0.0, 'neu': 1.0, 'pos': 0.0, 'compound': 0.0}"
85,"Today's Market Heatmap - April 29

$TSLA +2.16%
$AMZN -11.14%
$TWTR +0.83%
$AAPL -1.25%
$CVX -0.19%
$XOM +0.62%‚Ä¶ https://t.co/tFXfCcaYu3","{'neg': 0.0, 'neu': 1.0, 'pos': 0.0, 'compound': 0.0}"
86,"RT @sonycomeback: $SONY #SONY @sony @PlayStation
@sonymusic @SonyPictures time to increase prices for content charge #streamers #streaming‚Ä¶","{'neg': 0.0, 'neu': 0.874, 'pos': 0.126, 'compound': 0.3182}"
87,RT @sonycomeback: Antitrust may prevent $MSFT Microsoft from buying more #gaming studios but none prevents Elon or Bill Gates from buying 4‚Ä¶,"{'neg': 0.06, 'neu': 0.894, 'pos': 0.047, 'compound': -0.0729}"
88,"RT @sonycomeback: Does $TSLA tesla's Elon Musk think $SONY #Sony is the low.  Hanging.  Fruit?????
#Theoneandonly
#therealthing
#Ps5
#Gamin‚Ä¶","{'neg': 0.145, 'neu': 0.855, 'pos': 0.0, 'compound': -0.4696}"
89,I've  made 36k  with them . If you really want to make a huge profit on trading .... Choose this professional chat‚Ä¶ https://t.co/CvasdpGTa3,"{'neg': 0.0, 'neu': 0.726, 'pos': 0.274, 'compound': 0.6997}"
90,"Now is a time whoever asked about these stocks.
$amzn $goog $aapl üåàü§ëüí∞üöÄ","{'neg': 0.0, 'neu': 1.0, 'pos': 0.0, 'compound': 0.0}"
91,"Hey @BillGates
Leave some $SONY #Sony shares for me please you probably now own a bigger % in $SONY Sony Group than‚Ä¶ https://t.co/PGG90lTjOn","{'neg': 0.051, 'neu': 0.759, 'pos': 0.19, 'compound': 0.5106}"
92,"üí• $YUKA News April 28, 2022 üí•
 üí• Yuka Group Inc. Takes in Demand Skincare Devices by Storm With Internationally Syn‚Ä¶ https://t.co/mmWfH2eoxm","{'neg': 0.077, 'neu': 0.923, 'pos': 0.0, 'compound': -0.128}"
93,$Goog is al aan het crashen. Er kan nog een pullback volgen maar de diepte naar $1000 lonkt https://t.co/NUGEi6q7Sk,"{'neg': 0.0, 'neu': 1.0, 'pos': 0.0, 'compound': 0.0}"
94,2 down 2 remaining. Not sure how the market can hold up with big cap tech breaking 2022 lows. $AMZN $GOOG now $MSFT $AAPL are the one to at.,"{'neg': 0.131, 'neu': 0.869, 'pos': 0.0, 'compound': -0.4141}"
95,"RT @ShortSqueezed1: Employee donations to #midterms by party

#Democrat vs. #Republican 

$NFLX
$TWTR
$ABNB
$AAPL
#Stripe 
$LYFT 
$GOOG $GO‚Ä¶","{'neg': 0.0, 'neu': 0.87, 'pos': 0.13, 'compound': 0.4019}"
96,$GOOG in play if it holds above 2350,"{'neg': 0.0, 'neu': 0.745, 'pos': 0.255, 'compound': 0.34}"
97,in $goog next week 2550s for 2.60-2.80,"{'neg': 0.0, 'neu': 1.0, 'pos': 0.0, 'compound': 0.0}"
98,"~When I was novice I made a lot of mistakes then I came to know about this C0mmunity.,,.,https://t.co/UijPhsrts2‚Ä¶ https://t.co/sa1HXORChD","{'neg': 0.152, 'neu': 0.848, 'pos': 0.0, 'compound': -0.3612}"
99,"@theDividendKid $GOOG if it falls under $2300 again. $AMZN if it falls under $2500. And of course, $VYM no matter what it does.","{'neg': 0.091, 'neu': 0.864, 'pos': 0.045, 'compound': -0.2732}"
